{
    "Tokyo": [139.6917, 35.6895],
    "Delhi": [77.23, 28.61],
    "Shanghai": [121.469170, 31.224361],
    "Mumbai": [72.877426, 19.076090],
    "Beijing": [116.3972, 39.9075],
    "Dhaka": [90.41252, 23.81033],
    "Osaka": [135.50107, 34.69379],
    "Karachi": [67.0104, 24.8608],
    "Chongqing": [106.5528, 29.5628],
    "Istanbul": [28.979530, 41.015137]
}
