{
    "London": [-0.1276474, 51.5073219],
    "Paris": [2.3522219, 48.856614],
    "Berlin": [13.4105300, 52.5243700],
    "New York": [-74.0059740, 40.7127770],
    "Sofia": [23.3218670, 42.6975100],
    "Istanbul": [28.9745630, 41.0128610],
    "Tokyo": [139.6917060, 35.6894870]
}
